id,catalog_number
2175747,6217M.C3.J20AA
2175746,6217M.C3
2175745,6217M
2175744,6217.C4
2175743,6217.C3.J20AA
2175742,6217.C3
2175741,6217.2ZR.C4
2175740,6217.2ZR.C3
2175738,6217.2RSR.C3
2175736,6216ZRN
2175735,6216ZR.C4
2175734,6216ZR.C3
2175733,6216ZR
2175732,6216RSR
2175731,6216N
2175729,6216M.C3
2175728,6216M
2175727,6216K.2ZR
2175726,6216.C4
2175725,6216.C3.S1
2175724,6216.C3
2175723,6216.C2
2175722,6216.2ZR.C3
2175720,6216.2RSR.C4
2175719,6216.2RSR.C3
2175718,6216.2RSR.C2
2175716,6215ZRN
2175715,6215ZR.C3
2175714,6215ZR
2175713,6215TB.P5
2175712,6215RSR
2175711,6215N.C3
2175710,6215N
2175709,6215MA
2175708,6215M.P52
2175707,6215M.C4.J20AA
2175706,6215M.C3
2175705,6215M
2175704,6215.P6
2175703,6215.C4.S1
2175702,6215.C4
2175701,6215.C3
2175700,6215.2ZR.C4
2175699,6215.2ZR.C3
2175697,6215.2RSR.C3
2175695,6214ZR.C4
2175694,6214ZR.C3
2175693,6214ZR
2175692,6214RSR
2175691,6214N
2175690,6214M.P63
2175689,6214M.P52
2175688,6214M.C4
2175687,6214M.C3
2175686,6214M
2175685,6214.C4.S1
2175684,6214.C4.J20AA
2175683,6214.C4
2175682,6214.C3
2175681,6214.2ZRN.C4
2175680,6214.2ZR.C4
2175679,6214.2ZR.C3
2175677,6214.2RSR.C3
2175675,6213ZRN
2175674,6213ZR.C3
2175673,6213ZR
2175672,6213TB.P53
2175671,6213TB.C3
2175670,6213TB
2175669,6213RSR.C3
2175668,6213RSR
2175667,6213N.C3
2175666,6213M.P52
2175665,6213M.C3
2175664,6213M
2175663,6213.P6
2175662,6213.C4
2175661,6213.C3
2175660,6213.2ZR.C4
2175659,6213.2ZR.C3
2175657,6213.2RSR.C3
2175655,6212ZRN.C3
2175653,6212ZR.C4.S1
2175652,6212ZR.C3
2175651,6212ZR
2175650,6212TB.P63
2175649,6212TB.P4
2175648,6212RSR.C3
2175647,6212RSR
2175646,6212N
2175645,6212M.P52
2175644,6212M.C4
2175643,6212M.C3
2175642,6212M
2175641,6212-2RSR-L038-C3
2175640,6212.P52
2175639,6212.C4
2175638,6212.C3
2175637,6212.2ZRN
2175636,6212.2ZR.L38
2175635,6212.2ZR.C4
2175634,6212.2ZR.C3.L38
2175633,6212.2RSRN
2175632,6212.2RSR.L38
2175631,6211ZRN
2175630,6211ZR.C3
2175629,6211ZR
2175627,6211TB
2175626,6211RSR
2175625,6211N.C3
2175624,6211N
2175623,6211M.P53
2175622,6211M.C3
2175621,6211-2RSR-L038-C3
2175620,6211.P6
2175619,6211.C4.S1
2175618,6211.C4
2175617,6211.C3
2175616,6211.2ZR.L38
2175615,6211.2ZR.C4.L38
2175614,6211.2ZR.C3.L38
2175613,6211.2RSR.L38
2175612,6210ZRN
2175611,6210ZR.C3
2175610,6210ZR
2175609,6210TB.P63
2175608,6210TB
2175607,6210RSR.C3
2175606,6210RSR
2175605,6210N
2175604,6210MA.C3
2175603,6210M.C3
2175602,6210M
2175601,6210.P6
2175600,6210.C4
2175599,6210.C3
2175598,6210.C2
2175597,6210.2ZR.L38
2175596,6210.2ZR.C3.L38
2175595,6210.2RSR.L38
2175594,6210.2RSR.C3.L38
2175593,6209ZR.C3
2175592,6209ZR
2175591,6209TB.P63
2175590,6209RSR.C3
2175589,6209RSR
2175588,6209N.C3
2175587,6209.C5
2175586,6209.C4
2175585,6209.C3
2175584,6209.2ZR.L38
2175583,6209.2ZR.C3.L38
2175582,6209.2ZR.C2.L38
2175581,6209.2RSR.L38
2175580,6209.2RSR.C3.L38
2175579,6209.2RSR.C2
2175578,6208ZRN
2175577,6208ZR.C3
2175576,6208ZR
2175575,6208TB.P63
2175574,6208TB.P5
2175573,6208TB
2175572,6208RSR
2175571,6208NR.C3
2175570,6208NR
2175569,6208N.C3
2175568,6208N
2175567,6208MA.C3
2175566,6208M
2175565,6208-C3
2175564,6208-2RSR-L038-C3
2175563,6208.P5
2175562,6208.C4
2175561,6208.C2
2175560,6208.2ZR.L38
2175559,6208.2ZR.C3.L38
2175558,6208.2ZR.C2
2175556,6208.2RSRN.L38
2175555,6208.2RSRN
2175554,6208.2RSR.L38
2175553,6207ZRN.C3
2175552,6207ZRN
2175551,6207ZR.C3
2175550,6207TB.P63
2175549,6207TB
2175548,6207RSR.C3
2175547,6207RSR
2175546,6207N.C3
2175545,6207N
2175544,6207MA.C3
2175543,6207-2RSR-L038-C3
2175542,6207.C3
2175541,6207.2ZR.L38
2175540,6207.2ZR.C3.L38
2175539,6207.2RSRN.L38
2175538,6207.2RSRN.C3
2175537,6207.2RSR.L38
2175536,6207.2RSR.C4
2175535,6206ZRN
2175534,6206ZR.THB.C3
2175533,6206ZR.C3
2175532,6206ZR
2175531,6206TB.P63
2175530,6206TB.C3
2175529,6206RSR.C3
2175528,6206RSR
2175527,6206NR
2175526,6206N.C3
2175525,6206N
2175524,6206MA.C3
2175523,6206-2Z-L038
2175522,6206.C4
2175521,6206.C3
2175520,6206.2ZRN.L38
2175519,6206.2ZR.C4.L38
2175518,6206.2ZR.C3.L38
2175517,6206.2ZR.C2.L38
2175516,6206.2RSR.L38
2175515,6206.2RSR.C4.L38
2175514,6206.2RSR.C3.L38
2175513,6205ZRN
2175512,6205ZR.THB
2175511,6205ZR.C3
2175510,6205ZR
2175509,6205TB.P63
2175508,6205TB.C3
2175507,6205TB
2175506,6205RSR.C3
2175505,6205RSR
2175504,6205NR.C3
2175503,6205N.C3
2175502,6205N
2175501,6205-C-Z
2175499,6205.C4
2175498,6205.C3
2175496,6205.2ZRN
2175495,6205.2ZR.L38
2175494,6205.2ZR.C4
2175493,6205.2ZR.C3.L38
2175492,6205.2ZR.C3.L207
2175491,6205.2RSR.L38
2175489,6205.2RSR.C4
2175488,6205.2RSR.C3.L38
2175487,6205.2RSR.C2
2175486,6204ZR.C3
2175485,6204ZR
2175484,6204TB.P63
2175483,6204RSR.C3
2175481,6204N
2175480,6204MA.C3
2175479,6204-C-Z
2175478,6204-C-TVH-C3
2175477,6204-C-C3
2175476,6204-C3
2175475,6204-C-2Z-C4
2175474,6204-C-2HRS-C4
2175472,6204-2RSR-L038
2175471,6204.P62
2175470,6204.C4
2175469,6204.2ZRN
2175468,6204.2ZR.L38
2175467,6204.2ZR.C3.L38
2175466,6204.2RSR.C3.L38
2175465,6203ZR.C3
2175464,6203ZR
2175463,6203TB.P63
2175462,6203RSR.C3
2175461,6203RSR
2175460,6203-C-Z-C3
2175458,6203-C-HRS-C3
2175457,6203-C-HRS
2175455,6203-2Z-L038
2175453,6203.C3
2175452,6203.2ZRN.L38
2175451,6203.2ZR.C3.L38
2175450,6203.2RSR.L38
2175449,6203.2RSR.C3.L38
2175448,6202ZR.THB
2175447,6202ZR.C3
2175446,6202TVH.C3
2175445,6202THB.P63
2175444,6202RSR.C3
2175443,6202RSR
2175442,6202-C-Z-TVH-C2
2175441,6202-C-Z-C3
2175440,6202-C-HRS-C3
2175439,6202-C-HRS
2175438,6202.C3
2175437,6202.2ZRN.L38
2175436,6202.2ZR.L38
2175435,6202.2ZR.C3.L38
2175434,6202.2RSR.L38
2175433,6202.2RSR.C3.L38
2175432,6201ZR.C3
2175431,6201ZR
2175430,6201RSR.C3
2175429,6304TVH.C3
2175428,6201-C-Z
2175427,6201-C-C3
2175425,6201.C3
2175424,6201.2ZRN
2175423,6201.2ZR.L38
2175422,6201.2ZR.C3.L38
2175421,6201.2RSR.L38
2175420,6201.2RSR.C3.L38
2175419,6200ZRN
2175418,6200ZR.C3
2175417,6200RSR
2175415,6200-C-HRS-C3
2175414,6200-C-C3
2175413,6200-C-2Z-L038-C3
2175412,6200-C-2Z-L038
2175411,6200-C-2HRS-L038-C3
2175410,6200-C-2HRS-L038
2175408,6200.2VSR.C3.L237
2175407,6200.2RSR.C3.L100
2175406,61996MA.C3
2175405,61996M
2175404,61429MA
2175403,61988M.C3
2175402,61984M.C3
2175401,61984M
2175400,61980M.C3
2175399,61046MA.C3
2175398,61046MA
2175397,61046M.C3
2175396,61046M
2175395,61042MA.C3
2175394,61042MA
2175393,61042M
2175392,61968MA.C3
2175391,61968M.C3
2175390,61968M
2175389,61964M
2175388,61960MB
2175387,61960MA.C3
2175386,61960M.C3
2175385,61960M
2175384,61956M.C3
2175383,61956M
2175382,61952MA.C3
2175381,61952MA
2175380,61952M.C3
2175379,61952M
2175378,6988MA.C3
2175377,6988MA
2175376,6988M.C3
2175375,6988M
2175374,6988.C3
2175373,6984MA.C3
2175372,6984MA
2175371,6984M
2175370,6984.C3
2175369,6980M.C3
2175368,6980M
2175367,6980.C3
2175366,61938.C3
2175365,61936.C3
2175364,61934.C3
2175363,61928MA.C3
2175362,61926M.C3
2175361,61917.C3
2175360,61906-2Z-HLC
2175359,61906-2RSR-HLC
2175358,61905-HLC
2175357,61905-2RSR-HLC
2175356,61904-2Z-HLC
2175355,61904-2RSR-HLC
2175352,61903-2Z-HLC
2175351,61903-2RSR-HLC
2175350,61902-HLC
2175349,61902-2Z-HLC
2175348,61902-2RSR-HLC
2175347,61901-2Z-HLC
2175346,61901-2RSR-HLC
2175345,61900-2Z-HLC
2175344,61900-2RSR-HLC
2175343,619/630N1MA.C3
2175342,619/630M
2175341,619/600MA.C3
2175340,619/600M
2175339,619/560M
2175338,619/530M
2175337,619/500MA.C3
2175336,61896MA.C3
2175335,61896M.C3
2175333,61892MA.C3
2175332,61892M.C3
2175330,61888M.C3
2175328,61884MA.C3
2175327,61884M.C3
2175325,61880MA
2175324,61880M.C3
2175322,61876MA.C3
2175321,61876MA
2175320,61876M.C3
2175318,61872MA.C3
2175317,61872M.C3
2175315,61868MA.C3
2175314,61868M.C3
2175312,61864MA.C3
2175311,61864MA
2175309,61860MA
2175308,61860M.C3
2175306,61856MA.C3
2175304,61852MA.C3
2175303,61852M.C3
2175302,61852M
2175301,61852.C3
2175300,61848M.C3
2175299,61848M
2175298,61844MA
2175297,61844M.C3
2175296,61844M
2175295,61844.C3
2175294,61840MA
2175293,61840M
2175292,61840.C3
2175291,61838MA.C3
2175290,61838M
2175289,61838.C3
2175288,61836.C3
2175287,61834M.C3
2175286,61834M
2175285,61832.C3
2175284,61830.C3
2175283,61828T.C3
2175282,61828T
2175281,61826T
2175280,61808-HLC
2175279,61808-2Z-HLC
2175278,61808-2RSR-HLC
2175277,61807-2Z-HLC
2175276,61807-2RSR-HLC
2175275,61806-2RSR-HLC
2175274,61805-HLC
2175273,61805-2RSR-HLC
2175272,61804-HLC
2175271,61804-2Z-HLC
2175270,61804-2RSR-HLC
2175269,61803-2Z-HLC
2175268,61803-2RSR-HLC
2175267,61802-2Z-HLC
2175266,61802-2RSR-HLC
2175265,61801-2Z-HLC
2175264,61801-2RSR-HLC
2175263,61800-HLC
2175262,61800-2Z-HLC
2175261,61800-2RSR-HLC
2175260,618/950M.C3
2175259,618/900MA.C3
2175258,618/900MA
2175257,618/900M
2175256,618/850M.C3
2175254,618/800MA.C3
2175253,618/800M.C3
2175251,618/750MA.C3
2175250,618/750MA
2175249,618/750M.C3
2175247,618/710MA.C3
2175246,618/710MA
2175245,618/710M.C3
2175243,618/670MA.C3
2175242,618/670MA
2175240,618/670M.C3
2175238,618/630MA.C3
2175237,618/630M.C3
2175235,618/600MA
2175234,618/600M.C3
2175232,618/560MB
2175231,618/560MA.C3
2175230,618/560MA
2175229,618/560M.C3
2175227,618/530MB.C3
2175226,618/530MA
2175224,618/500MA.C3
2175223,618/500MA
2175222,618/500M.C3
2175220,618/1500MA
2175219,618/1400MA.C3
2175218,618/1400M
2175217,618/1320M
2175216,618/1120MA
2175215,618/1060M
2175214,618/1000MA.C3
2175213,618/1000MA
2175212,609-Z-THB
2175211,609-HLC
2175210,609-2Z-HLC-C3
2175209,609-2Z-HLC
2175208,609-2RS-HLC-C3
2175207,609-2RS-HLC
2175206,609/560MA
2175205,608-HLC-UNS
2175203,60896M
2175202,6088M.C3
2175201,60888MA.C3
2175200,60888M.C3
2175199,60880MA.C3
2175198,60880M
2175196,60864M
2175195,6084M.C3
2175193,608/750M
2175192,608/600M.C3
2175191,608/560M
2175190,608/500MA.C3
2175189,608.C3
2175188,608.2Z.C3
2175186,608.2RS.C3
2175184,607Z
2175183,6076M.C3
2175182,6076M
2175181,607-2Z-HLC-UNS
2175180,6072M.C3
2175178,607.2Z.C3
2175176,607.2RS.C3
2175174,6068M.C3
2175172,6064M.C3
2175170,6060M.C3
2175168,6056M.C3
2175166,6052M.C3
2175164,6048MA.C3
2175163,6048M.C3
2175161,6044MA.C3
2175160,6044M.C3
2175158,6040MA.C3
2175157,6040M.C3
2175155,6038M.C3
2175153,6036MA.C3
2175152,6036M.C3
2175150,6034MA.C3
2175149,6034M.C3
2175148,6034M
2175147,6034.C3
2175146,6032MA.C3
2175145,6032M.C3
2175143,6032.C3
2175141,6030MA.C3
2175140,6030M.C3
2175139,6030M
2175138,6030.C3
2175137,6030.2RSR
2175136,6028ZR
2175135,6028M.C3
2175134,6028M
2175133,6028.C3
2175132,6028.2ZR.C3
2175130,6028.2RSR.C3
2175129,6026MA.C3
2175128,6026M.C3
2175127,6026.C4
2175126,6026.C3
2175124,6026.2ZR.C3
2175122,6026.2RSR.C3
2175120,6024ZR.C3
2175119,6024ZR
2175118,6024MA.C3
2175117,6024M.C3
2175116,6024M
2175115,6024.C4
2175114,6024.C3
2175113,6024.2ZR.C3
2175111,6024.2RSR.C3
2175109,6022M.C3
2175108,6022.C3
2175107,6022.2ZR.C3
2175105,6022.2RSR.C3
2175104,60872M
2175103,6021ZR
2175102,6021M.C4.S1
2175101,6021M.C4
2175100,6021M.C3
2175099,6021M
2175098,6021.C4
2175097,6021.C3
2175096,6021.2ZR.C4
2175095,6021.2ZR.C3
2175093,6020ZR.C3
2175092,6020ZR
2175091,6020N
2175090,6020M.C4
2175089,6020.C4
2175088,6020.C3
2175087,6020.C2
2175086,6020.2ZR.C3
2175084,6020.2RSR.C3
2175082,6019ZR
2175081,6019NR
2175080,6019N
2175079,6019MA.C3
2175078,6019MA
2175077,6019M.C4
2175076,6019M.C3
2175075,6019.C4
2175074,6019.C3
2175073,6019.2ZR.C3
2175072,6019.2ZR
2175071,6019.2RSR.C3
2175069,6018ZR.C3
2175068,6018ZR
2175067,6018N
2175066,6018M.C4
2175065,6018M.C3
2175064,6018.C4.S1
2175063,6018.C4
2175062,6018.C3
2175061,6018.2ZR.C3
2175059,6018.2RSR.C3
2175057,6017ZR.C3
2175056,6017ZR
2175055,6017NR
2175054,6017N
2175053,6017M.C3
2175052,6017M
2175051,6017.P5
2175050,6017.C3
2175049,6017.2ZR.C3
2175047,6017.2RSR.C3
2175045,6016ZR.L271
2175044,6016ZR.C3
2175043,6016ZR
2175042,6016NR
2175041,6016N.C3
2175040,6016N
2175039,6016M.C4
2175038,6016M.C3
2175037,6016M
2175036,6016.C4
2175035,6016.C3
2175034,6016.2ZR.C3
2175032,6016.2RSR.C3
2175031,6016.2RSR
2175030,6015RSR
2175029,6015M.C4
2175028,6015M.C3
2175027,6015M
2175026,6015.C4
2175025,6015.C3
2175024,6015.2ZR.L75
2175023,6015.2ZR.C3
2175021,6015.2RSR.C3
2175019,6014ZR.C3
2175018,6014ZR
2175017,6014RSR
2175016,6014M.C3
2175015,6014M
2175014,6014.C4
2175013,6014.C3
2175012,6014.2ZR.L38
2175011,6014.2ZR.C3.L38
2175010,6014.2RSR.L38
2175009,6014.2RSR.C3.L38
2175008,6013ZR.C3
2175007,6013ZR
2175006,6013TB.P63
2175005,6013TB.P53
2175004,6013RSR
2175003,6013N
2175002,6013M.C3
2175001,6013M
2175000,6013.C4
2174999,6013.C3
2174998,6013.2ZR.L38
2174997,6013.2ZR.C3.L38
2174996,6013.2RSR.L38
2174995,6013.2RSR.C3.L38
2174994,6012ZR
2174993,6012TB.P63
2174991,6012RSR
2174990,6012.P5
2174989,6012.C3
2174988,6012.2ZR.L38
2174987,6012.2ZR.C3.L38
2174986,6012.2RSR.L38
2174985,6012.2RSR.C3.L38
2174984,6011ZR
2174983,6011TB.P63
2174982,6011RSR
2174981,6011.C3
2174980,6011.2ZR.L38
2174979,6011.2ZR.C3.L38
2174978,6011.2RSR.L38
2174977,6011.2RSR.C3.L38
2174976,6010ZR.C3
2174975,6010ZR
2174974,6010TB.P63
2174973,6010RSR.C3
2174972,6010RSR
2174971,6010.C3
2174970,6010.2ZR.L38
2174969,6010.2ZR.C3.L38
2174968,6010.2RSR.L38
2174967,6010.2RSR.C3.L38
2174966,6010.2RSR.C2
2174965,6009ZR.C3
2174964,6009ZR
2174963,6009TB.P63
2174962,6009RSR.C3
2174961,6009RSR
2174960,6009.C3
2174959,6009.2ZR.L38
2174958,6009.2ZR.C3.L38
2174957,6009.2RSR.L38
2174956,6009.2RSR.C3.L38
2174955,6008ZR.C3
2174954,6008ZR
2174953,6008TB.P63
2174952,6008RSR.C3
2174951,6008RSR
2174950,6008MA.C3
2174949,6008.C3
2174948,6008.2ZR.L38
2174947,6008.2ZR.C3.L38
2174946,6008.2RSR.L38
2174945,6008.2RSR.C3.L38
2174944,6007ZR.C3
2174943,6007ZR
2174942,6007TB.P63
2174941,6007RSR.C3
2174940,6007RSR
2174939,6007-2Z-L038-C3
2174938,6007.P62
2174937,6007.C3
2174936,6007.2ZR.L38
2174935,6007.2RSR.L38
2174934,6007.2RSR.C3.L38
2174933,6006ZR.C3
2174932,6006ZR
2174931,6006TB.P63
2174930,6006TB
2174929,6006RSR.C3
2174928,6006RSR
2174927,6006MA.C3
2174926,6006M
2174925,6006.L38
2174924,6006.C3
2174923,6006.532686D.C3
2174922,6006.2ZR.TVH.C3
2174921,6006.2ZR.L38
2174920,6006.2ZR.C3.L38
2174919,6006.2RSR.L38
2174918,6006.2RSR.C3.L38
2174917,6005ZR.C3
2174916,6005ZR
2174915,6005TB.P63
2174914,6005TB
2174913,6005RSR
2174912,6005N
2174911,6005MA.C3
2174910,6005.C4
2174909,6005.C3
2174908,6005.2ZRN.L38
2174907,6005.2ZR.L38
2174906,6005.2ZR.C3.L38
2174905,6005.2ZR.C2.L38
2174904,6005.2RSR.L38
2174903,6005.2RSR.C3.L38
2174902,6004ZR.C3
2174900,6004ZR
2174899,6004TB.P63
2174898,6004TB
2174897,6004RSR.C3
2174896,6004.C3
2174895,6004.2ZRN
2174894,6004.2ZR.L38
2174893,6004.2ZR.C3.L38
2174891,6004.2RSR.C3.L38
2174890,6003ZR.C3
2174889,6003ZR
2174888,6003THB.C3
2174887,6003RSR.C3
2174886,6003RSR
2174885,6003.C3
2174884,6003.2ZRN
2174883,6003.2ZR.L38
2174882,6003.2ZR.C3.L38
2174881,6003.2RSR.L38
2174880,6003.2RSR.C3.L38
2174879,6002ZR.THB
2174878,6002ZR.C3
2174877,6002ZR
2174876,6002.C3
2174875,6002.2ZR.L38
2174874,6002.2ZR.C3.L38
2174873,6002.2RSR.L38
2174872,6002.2RSR.C3.L38
2174871,6001-C-Z-C3
2174870,6001-C-Z
2174869,6001-C-HRS-C3
2174868,6001-C-HRS
2174867,6001-C-C3
2174866,6001-C-2Z-L138-C3
2174865,6001-C-2Z-L138
2174864,6001-C-2Z-L038-C3
2174863,6001-C-2Z-L038
2174862,6001-C-2Z-C2
2174861,6001-C-2HRS-L038-C3
2174860,6001-C-2HRS-L038
2174859,6001-C-2HRS-C4
2174857,6001.2RSR.C3.L38
2174856,6000ZR.THB.P63
2174855,6000THB
2174854,6000-C-Z-TVH
2174853,6000-C-Z-C3
2174852,6000-C-Z
2174851,6000-C-HRS
2174850,6000-C-C3
2174849,6000-C-2Z-L038-C3
2174848,6000-C-2Z-L038
2174847,6000-C-2HRS-L038-C3
2174846,6000-C-2HRS-L038
2174844,60/530M.C3
2174843,60/500M.C3
2174842,60/500M
2174841,579102A
2174840,579098.R203.279
2174839,576829.A355.405
2174838,567447B
2174837,56988AEZ72
2174836,561935AEZ72
2174835,559089NR
2174834,559089N
2174832,558826D
2174831,558540D
2174829,558320C
2174828,549828.C4
2174827,549043A
2174826,547103E
2174825,546485A
2174824,545977A
2174823,545495AD
2174822,545312A
2174820,54244MP
2174819,54238MP
2174818,541521C
2174817,540733CA
2174816,540537.W209C
2174815,536906C
2174814,535414.A380.430.W209C
2174813,535223.J26C.W209D
2174812,535211.W209C
2174811,534832.R279.376
2174810,533998AA
2174801,532066DB
2174800,531216.W209C
2174799,531068A
2174798,531040D
2174797,528983B
2174796,528548B
2174795,528323.W209C
2174794,527870D
2174793,525351D
2174792,525350D
2174791,525184.R216.292
2174790,525012.A485.535.W209C
2174789,524851A
2174788,523471.R178.259
2174787,523470.R178.259
2174786,52338M
2174785,523319.A585.635.W209C
2174779,523062.A585.635
2174778,522934D
2174777,522933D
2174776,52240MP
2174775,522401D
2174774,522400D
2174770,522275.J26C.W209C
2174768,518772A
2174767,517499B.A840.890.W209E
2174766,517498A.A785.835.W209E
2174765,514226.A665.715.W209C
2174756,514103.W209C
2174747,599MP
2174740,512601.A380.430
2174729,51224MP
2174728,51204MP
2174727,51196MP
2174708,511/630MP
2174704,510616A
2174703,510148B
2174701,508204E.TVP
2174700,507170.W209C
2174699,501927.W209C
2174698,500MV/G
2174697,4314B.TVH
2174696,4313B.TVH
2174691,4308BB.TVH
2174690,4307BB.TVH
2174689,4306BB.TVH
2174688,4305BB.TVH
2174687,4304BB.TVH
2174686,4303BB.TVH
2174685,4302BB.TVH
2174684,4219M
2174675,4210BB.TVH
2174674,4209BB.TVH
2174673,4208BB.TVH
2174672,4207BB.TVH
2174671,4206BB.TVH
2174670,4205BB.TVH
2174669,4204BB.TVH
2174668,4203BB.TVH
2174667,4202BB.TVH
2174666,4201BB.TVH
2174665,4200BB.TVH
2174664,3804-B-2RSR-TVH-HLC
2174663,3322M.C3
2174661,3320M.C3
2174659,3319M.C3
2174657,3318M.C3
2174656,3318M
2174655,3318.C3
2174654,3317M.C3
2174652,3316.C3
2174651,3315.C3
2174649,3314-BD
2174648,3314.C4
2174647,3314.C3
2174646,3313DA.MA
2174644,3313BD
2174643,3313B.TVH.C3
2174641,3312DA.MA
2174640,3312B.TVH.C3
2174637,3311-BD-TVH-L285-C3
2174636,3311-BD-TVH-L285
2174635,3311-BD-C3
2174634,3311BD.TVH.C3
2174633,3311BD.2ZR.TVH.C3
2174632,3311BD.2ZR.TVH
2174631,3311BD.2HRS.TVH.C3
2174627,3310-BD-TVH-L285-C3
2174626,3310-BD-TVH-L285
2174625,3310-BD-C3
2174624,3310BD.TVH.C3
2174623,3310BD.2ZR.TVH.C3
2174622,3310BD.2ZR.TVH
2174621,3310BD.2HRS.TVH.C3
2174618,3309DA.MA
2174615,3309BD.TVH.L285
2174614,3309BD.TVH.C3.L285
2174613,3309BD.TVH.C3
2174611,3309BD.C3
2174610,3309BD.2ZR.TVH.C3
2174609,3309BD.2ZR.TVH
2174608,3309BD.2HRS.TVH.C3
2174604,3308-BD-TVH-L285-C3
2174603,3308-BD-TVH-L285
2174602,3308-BD-C3
2174601,3308-BD-2HRS-TVH-L055-C3
2174600,3308-BD-2HRS-TVH-L055
2174599,3308BD.TVH.C3
2174598,3308BD.2ZR.TVH.C3
2174597,3308BD.2ZR.TVH
2174596,3308BD.2HRS.TVH.C3
2174592,3307-BD-TVH-L285-C3
2174591,3307-BD-TVH-L285
2174590,3307-BD-C3
2174589,3307BD.TVH.C3
2174587,3307BD.2ZR.TVH.C3
2174586,3307BD.2ZR.TVH
2174585,3307BD.2HRS.TVH.C3
2174582,3306-BD-TVH-L285
2174581,3306BD.TVH.C3.L285
2174580,3306BD.TVH.C3
2174578,3306BD.C3
2174577,3306BD.2ZR.TVH.C3
2174576,3306BD.2ZR.TVH
2174575,3306BD.2HRS.TVH.C3
2174572,3305BD.TVH.L285
2174571,3305BD.TVH.C3.L285
2174570,3305BD.TVH.C3
2174568,3305BD.C3
2174567,3305BD.2ZR.TVH.C3
2174566,3305BD.2ZR.TVH
2174565,3305BD.2HRS.TVH.C3
2174562,3304-BD-2HRS-C3
2174561,3304BD.TVH.L285
2174560,3304BD.TVH.C3.L285
2174559,3304BD.TVH.C3
2174558,3304BD.C3
2174557,3304BD.2ZR.TVH.C3
2174556,3304BD.2ZR.TVH
2174555,3304BD.2HRS.TVH.C3
2174552,3303-BD-TVH-L285-C3
2174551,3303-BD-TVH-L285
2174550,3303BD.2ZR.TVH.C3
2174549,3303BD.2ZR.TVH
2174548,3303BD.2HRS.TVH.C3
2174546,3303-B-2RS-TNH
2174545,3302-BD-TVH-L285-C3
2174544,3302-BD-TVH-L285
2174543,3302BD.TVH.C3
2174542,3302BD.2ZR.TVH
2174541,3302BD.2HRS.TVH.C3
2174539,33022.QP41
2174512,32305DY
2174500,3222M.C3
2174492,3221M.C3
2174483,32213DZ
2174478,3220M.L61
2174477,3220M.C3
2174476,3220M
2174471,32205B
2174469,3220.C3
2174468,3219M.C3
2174466,3218M
2174465,3218.C3
2174464,3217.C3
2174463,3216B.TVH.C3
2174460,3215B.TVH.C3
2174458,3214B.TVH.C3
2174456,3213-BD-TVH-L285-C3
2174455,3213-BD-TVH-L285
2174454,3213-BD-C3
2174453,3213BD.TVH.C3
2174452,3213BD.2ZR.TVH.C3
2174451,3213BD.2ZR.TVH
2174450,3213BD.2HRS.TVH.C3
2174447,3212-BD-TVH-L285-C3
2174446,3212-BD-TVH-L285
2174445,3212-BD-C3
2174444,3212BD.TVH.C3
2174442,3212BD.2ZR.TVH.C3
2174441,3212BD.2ZR.TVH
2174440,3212BD.2HRS.TVH.C3
2174437,3211-BD-TVH-L285-C3
2174436,3211-BD-TVH-L285
2174435,3211-BD-C3
2174434,3211BD.TVH.C3
2174432,3211BD.2ZR.TVH.C3
2174431,3211BD.2ZR.TVH
2174430,3211BD.2HRS.TVH.C3
2174427,3210-BD-TVH-L285-C3
2174426,3210-BD-TVH-L285
2174425,3210-BD-C3
2174424,3210BD.TVH.C3
2174422,3210BD.2ZR.TVH.C3
2174421,3210BD.2ZR.TVH
2174420,3210BD.2HRS.TVH.C3
2174417,3209-BD-TVH-L285-C3
2174416,3209-BD-TVH-L285
2174415,3209-BD-TVH-C3
2174414,3209-BD-C3
2174413,3209-BD-2Z-TVH-C3
2174410,3209BD.2HRS.TVH.C3
2174406,3208-BD-TVH-L285-C3
2174405,3208-BD-TVH-L285
2174404,3208-BD-C3
2174403,3208-BD-2HRS-C3
2174402,3208BD.TVH.C3
2174400,3208BD.2ZR.TVH.C3
2174399,3208BD.2ZR.TVH
2174398,3208BD.2HRS.TVH.C3
2174395,3207-BD-TVH-L285-C3
2174394,3207-BD-TVH-L285
2174392,3207-BD-TVH-C3
2174391,3207-BD-C3
2174389,3207BD.2ZR.TVH.C3
2174388,3207BD.2ZR.TVH
2174387,3207BD.2HRS.TVH.C3
2174384,3206-BD-TVH-L285-C3
2174383,3206-BD-TVH-L285
2174382,3206-BD-TVH-C3
2174381,3206-BD-TVH-C2
2174380,3206-BD-C3
2174379,3206-BD-2HRS-TVH-C3
2174376,3206BD.2ZR.TVH
2174372,3205BD.TVH.L285
2174371,3205BD.TVH.C3.L285
2174370,3205BD.TVH.C3
2174369,3205BD.TVH.C2.L285
2174367,3205BD.C3
2174366,3205BD.2ZR.TVH.C3
2174365,3205BD.2ZR.TVH
2174364,3205BD.2HRS.TVH.C3
2174363,3205BD.2HRS.TVH.C2
2174358,3204-BD-TVH-L285-C3
2174357,3204-BD-TVH-L285
2174356,3204-BD-C3
2174355,3204-BD-2Z-C3
2174354,3204BD.TVH.C3
2174353,3204BD.2ZR.TVH.C3
2174352,3204BD.2ZR.TVH
2174351,3204BD.2HRS.TVH.C3
2174345,3203-BD-TVH-L285-C3
2174344,3203-BD-TVH-L285
2174342,3203-BD-C3
2174341,3203-BD-2Z-C3
2174340,3203BD.TVH.C3
2174339,3203BD.2ZR.TVH.C3
2174338,3203BD.2ZR.TVH
2174337,3203BD.2HRS.TVH.C3
2174331,3202-BD-TVH-L285-C3
2174330,3202-BD-TVH-L285
2174329,3202-BD-C3
2174328,3202-BD-2Z-C3
2174327,3202BD.TVH.C3
2174325,3202BD.2ZR.TVH.C3
2174324,3202BD.2ZR.TVH
2174323,3202BD.2HRS.TVH.C3
2174315,3201BB.TVH.C3
2174314,3201BB.TVH
2174313,3201BB.2ZR.TVH
2174312,3201BB.2RSR.TVH
2174305,32011XDY
2174304,32011X.P5
2174301,3200BB.TVH.C3
2174300,3200BB.TVH
2174299,3200-BB-2Z-TVH
2174298,LERS551
2174297,LERS53
2174296,LERS513
2174295,LERS44
2174294,LERS37
2174293,LERS29
2174292,LERS178
2174291,LERS168
2174290,LERS167
2174285,399X
2174255,30306DY
2174233,30211DY
2174230,30209DY
2174223,30203DY
2174220,30/6-B-2RSR-TVH-HLC
2174219,30/5-B-2RSR-TVH-HLC
2174218,30/5-2Z-HLW
2174214,29468E.MB
2174213,29456E.MB
2174212,29452E.MB
2174211,29448E.MB
2174210,29444E.MB
2174209,29440E.MB
2174208,29436E.MB
2174207,29430E.MB
2174206,29422E.MB
2174205,29416E.MB
2174204,29415E.MB
2174199,29364E.MB
2174198,29356E.MB
2174196,29344E.MB
2174184,24196BK30MB.C3
2174183,24196BK30MB
2174182,24196B.MB
2174181,24196B.807342
2174180,24192BK30MB.C3
2174178,24192B.MB.C3
2174176,24188BK30.C4
2174175,24188BK30.C3
2174174,24188B.C3
2174172,24184BK30.C4
2174171,24184BK30.C3
2174169,24184B.C3
2174167,24180BK30.C3
2174165,24180B.C3
2174163,24176BK30.C3
2174161,24176B.C3
2174158,24168BK30.C4
2174157,24168BK30.C3
2174155,24168B.C3
2174153,24164E1.F-808462
2174152,24160E1K30.C3
2174151,24160E1.C3
2174150,24160B.C4
2174149,24160B.C2
2174148,24156E1K30.C2
2174146,24156E1.C3
2174145,24156E1.809184
2174144,24156BK30.C4
2174143,24156BK30.C2
2174142,24152E1K30.C4
2174141,24152E1K30.C3
2174139,24152E1.C4
2174138,24152E1.C3
2174137,24152E1.808562
2174136,24152BK30.C2
2174135,24148E1K30.C3
2174134,24148E1.C4
2174133,24148E1.C3
2174132,24148E1.C2
2174131,24144E1K30.C3
2174129,24144E1.C3
2174128,24144BK30.C4
2174127,24140E1K30.C3
2174125,24140E1.C4
2174124,24140E1.C3
2174123,24140E1.C2
2174122,24138E1K30.C3
2174120,24138E1.C3
2174119,24136E1K30.C3
2174117,24136E1.C4
2174116,24136E1.C3
2174115,24134E1K30.C3
2174113,24134E1.C3
2174112,24132E1K30.C3
2174110,24132E1.C4
2174109,24132E1.C3
2174108,24130E1K30.C3
2174106,24130E1.C4
2174105,24130E1.C3
2174104,29348E.MB
2174103,24128E1.C3
2174102,24126E1.C4
2174101,24126E1.C3
2174100,24124E1K30.C3
2174098,24124E1.C3
2174097,24122E1.C4
2174096,24122E1.C3
2174095,241/600BK30MB.C3
2174093,241/560BK30MB.C3
2174091,241/560B.MB.C3
2174089,24096BK30MB.C3
2174087,24096B.MB.C3
2174085,24096B.803155.C3
2174084,24096B.803155
2174083,24092B.MB.C3
2174081,24092B.803154.C3
2174080,24092B.803154
2174079,24088BK30MB.C3
2174078,24088B.MB.C3
2174076,24088B.809277
2174075,24084BK30MB.C4
2174074,24084BK30MB.C3
2174072,24084B.MB.C4
2174071,24084B.MB.C3
2174069,24080BK30MB.C3
2174067,24080B.MB.C3
2174065,24076BK30MB.C4
2174063,24076B.MB.C3
2174061,24076B.804515
2174060,24072E1A.MB1.C3
2174058,24068-E1A-MB1-C3
2174055,24068BK30MB.C4
2174054,24064E1AK30MB1.C3
2174052,24064E1A.MB1.C3
2174051,24064E1A.MB1.C2
2174049,24064B.MB.C2
2174048,24060E1K30.C4
2174047,24060E1K30.C3
2174045,24060E1.C4
2174044,24060E1.C3
2174043,24060B.MB.C2
2174042,24056E1K30.C3
2174040,24056E1A.807874
2174039,24056E1.C3
2174038,24056E1.C2
2174037,24056BK30MB.C4
2174036,24052E1K30.C4
2174035,24052E1K30.C3
2174034,24052E1.C3
2174033,24052BK30MB.C4
2174032,24052B.MB.C2
2174031,24048E1K30.C4
2174030,24048E1K30.C3
2174028,24048E1.C4
2174027,24048E1.C3
2174026,24048BK30MB.C4
2174025,24048BK30MB.C3
2174024,24048BK30MB
2174023,24048B.MB.C4
2174022,24048B.MB.C3
2174021,24048B.MB
2174020,24044E1K30.C4
2174019,24044E1K30.C3
2174017,24044E1.C4
2174016,24044E1.C3
2174015,24044BK30MB.C4
2174014,24044BK30MB.C3
2174013,24044BK30MB
2174012,24044B.MB.C4
2174011,24044B.MB.C2
2174010,24044B.MB
2174009,24040E1K30.C3
2174008,24040E1.C3
2174007,24040BS.MB.C4
2174006,24040BS.MB.C2
2174004,24038E1.C3
2174003,24038E1.C2
2174002,24038BS.MB
2174001,24036E1K30.C3
2173999,24036E1.C4.W209B
2173998,24036E1.C4
2173997,24036E1.C3
2173996,24034E1K30.C3
2173994,24034E1.C4
2173993,24034E1.C3
2173991,24032E1K30.C3
2173990,24032E1.C4
2173989,24032E1.C3
2173988,24030E1TVPB.C3
2173987,24030E1K30.C3
2173985,24030E1.C4
2173984,24030E1.C3
2173983,24028E1K30.C3
2173981,24028E1.C4
2173980,24028E1.C3
2173979,24026SK30MB.C4
2173978,24026E1.C4
2173977,24026E1.C3
2173976,24024E1K30.C3
2173974,24024E1.C4
2173973,24024E1.C3
2173972,24020S.MB.C3
2173971,24020S.MB
2173970,240/800B.808559
2173968,240/600B.MB.R220.360
2173966,240/530BK30MB.C3
2173965,240/530B.MB.M15BD.M47
2173964,240/530B.MB.C4
2173962,240/530B.808448
2173961,240/500BK30MB.C3
2173959,240/500B.MB.C3
2173957,23996BK.MB.C3
2173955,23996B.MB.C3
2173953,23429BK.MB.T52BW
2173952,23429BK.MB.C3
2173951,23429BK.MB
2173950,23429B.MB.C3.H140
2173949,23429B.MB.C3
2173948,23429B.MB
2173947,23988MB.C3.H140
2173946,23988MB.C3
2173944,23988K.MB.C3
2173942,23984MB.C4
2173941,23984MB.C3.H140
2173940,23984MB.C3
2173938,23984K.MB.C3
2173936,23980BK.MB.T52BW
2173935,23980BK.MB.C3.T52BW
2173934,23980BK.MB.C3
2173932,23980B.MB.C3
2173930,23976MB.C4
2173929,23976MB.C3.H140
2173928,23976MB.C3
2173925,23972MB.C3.H140
2173924,23972MB.C3
2173923,23972MB.C2
2173921,23972K.MB.C4
2173920,23972K.MB.C3
2173918,23968MB.W209B
2173917,23968MB.C4
2173916,23968MB.C3
2173914,23968K.MB.C3
2173912,23964MB.C3
2173911,23964MB.C2
2173909,23964K.MB.C3
2173907,23960BK.MB.C4
2173905,23960B.MB.C3
2173903,23956MB.C4
2173902,23956MB.C3
2173900,23956K.MB.C4
2173899,23956K.MB.C3
2173897,23952MB.C4
2173896,23952MB.C3
2173894,23952K.MB.C4
2173893,23952K.MB.C3
2173891,23948MB.H140
2173890,23948MB.C3
2173888,23948K.MB.C4
2173886,23944SK.MB.C4
2173885,23944SK.MB.C3
2173883,23944S.MB.C4
2173882,23944S.MB.C3
2173880,23940SK.MB.C4
2173878,23940S.MB.C3
2173875,23938S.MB.C3
2173872,23936S.MB.C3
2173869,23932E1A.M
2173868,239/950BK.MB.C3.T52BW
2173866,239/950B.MB.C3.H140
2173863,239/900K.MB.T52BW
2173862,239/900K.MB.C3.T52BW
2173861,239/900K.MB.C3
2173859,239/850MB.C3.H140
2173857,239/850K.MB.T52BW
2173856,239/850K.MB.C3.T52BW
2173855,239/850K.MB.C3
2173853,239/800BK.MB.C3
2173851,239/800B.MB1.H88
2173850,239/800B.MB.H40AB
2173848,239/750MB.H40AB.T52BW
2173847,239/750MB.C3
2173845,239/750K.MB.T52BW
2173844,239/750K.MB.C3.T52BW
2173843,239/750K.MB.C3
2173841,239/710MB1.H88
2173840,239/710MB.C3
2173838,239/710K.MB.T52BW
2173837,239/710K.MB.C3.T52BW
2173836,239/710K.MB.C3
2173834,239/670BK.MB.T52BW
2173833,239/670BK.MB.C3.T52BW
2173832,239/670BK.MB.C3
2173830,239/670B.MB.H140
2173828,239/630BK.MB.T52BW
2173827,239/630BK.MB.C3.T52BW
2173826,239/630BK.MB.C3
2173824,239/630B.MB.H140
2173823,239/630B.MB.C3.H140
2173822,239/630B.MB.C3
2173820,239/600BK.MB.T52BW
2173819,239/600BK.MB.C4
2173818,239/600BK.MB.C3.T52BW
2173817,239/600BK.MB.C3
2173815,239/600B.MB.H140
2173814,239/600B.MB.C3.H140
2173813,239/600B.MB.C3
2173811,239/560BK.MB.C3.T52BW
2173810,239/560BK.MB.C3
2173808,239/560B.MB.H140
2173807,239/560B.MB.C3.H140
2173806,239/560B.MB.C3
2173804,239/530MB.H140
2173803,239/530MB.C3
2173801,239/530K.MB.T52BW
2173800,239/530K.MB.C3.T52BW
2173799,239/530K.MB.C3
2173797,239/500MB.C3
2173795,239/500K.MB.T52BW
2173794,239/500K.MB.C3.T52BW
2173792,238/750B.MB.C3
2173767,23332A.MA.T41B
2173766,23332A.MA.T41A.W209B
2173764,23332A.MA.C3.T41B
2173763,23332A.MA.C3.T41A
2173762,23332A.M.T41A
2173760,23328AS.MA.T41B
2173758,23328AS.MA.C3.T41B
2173757,23328AS.MA.C3.T41A
2173756,23328AS.M.T41A
2173754,23326AS.M.T41A
2173752,23324AS.M.T41A
2173750,23322AS.MA.R60.80.T41A
2173749,23322AS.M.T41A
2173748,23296MB.C3
2173746,23296K.MB.T52BW
2173745,23296K.MB.C3
2173743,23292MB.C3
2173741,23292K.MB.T52BW
2173740,23292K.MB.C3
2173738,23292.808447.C3
2173737,23288BK.MB.T52BW
2173736,23288BK.MB.C3
2173734,23288B.MB.C3
2173732,23284BK.MB.T52BW
2173731,23284BK.MB.C4
2173730,23284BK.MB.C3.T52BW
2173729,23284BK.MB.C3
2173727,23284B.MB.C3
2173725,23280BK.MB.C4
2173724,23280BK.MB.C3
2173722,23280B.MB.C4
2173721,23280B.MB.C3
2173719,23276BK.MB.T52BW
2173718,23276BK.MB.C3.T52BW
2173717,23276BK.MB.C3
2173715,23276B.MB.C3
2173713,23268E1AK.MB1.T52BW
2173712,23268E1AK.MB1.C3.T52BW
2173711,23268E1AK.MB1.C3
2173709,23268E1A.MB1.C4
2173708,23268E1A.MB1.C3
2173706,23268BK.MB.C4
2173705,23268B.MB.C2
2173704,23264MB.C3.T52BW
2173703,23264MB.C3
2173702,23264K.MB.T52BW
2173701,23264K.MB.C3.T52BW
2173700,23260MB.C4
2173699,23260MB.C3
2173697,23260K.MB.T52BW
2173696,23260K.MB.C3.T52BW
2173695,23260K.MB.C3
2173694,23260K.MB.C2
2173692,23260K.808458
2173691,23260.808445.H40
2173690,23260.808445.C3
2173689,23256MB.C4
2173688,23256MB.C3
2173687,23256MB
2173686,23256K.MB.T52BW
2173685,23256K.MB.C3.T52BW
2173684,23256K.MB.C3
2173683,23256K.MB
2173682,23252BK.MB.C4
2173681,23248E1AK.MB1.T52BW
2173680,23248E1AK.MB1.C4
2173679,23248E1AK.MB1.C3.T52BW
2173678,23248E1AK.MB1.C3
2173677,23248E1AK.MB1
2173676,23248E1A.MB1.C3.T52BW
2173675,23248E1A.MB1.C3.T50H
2173674,23248E1A.MB1.C3
2173673,23248E1A.MB1
2173672,23244MB.C4
2173671,23244MB.C2
2173670,23244K.MB.C4
2173669,23244E1K.C4
2173668,23244E1K.C3
2173666,23244E1.C4
2173665,23244E1.C3
