id,catalog_number,
2179203,HJ412,
2179202,HJ410,
2179201,HJ409,
2179200,HJ406,
2179199,HJ326E.F1,
2179198,HJ326E,
2179196,HJ322E.F1,
2179195,HJ322E,
2179193,HJ320E,
2179192,HJ318E.F1,
2179191,HJ318E,
2179190,HJ317E.F1,
2179189,HJ317E,
2179188,HJ316E,
2179187,HJ315E.F1,
2179186,HJ315E,
2179185,HJ314E.F1,
2179184,HJ314E,
2179183,HJ313E.F1,
2179182,HJ313E,
2179181,HJ312E.F1,
2179180,HJ312E,
2179179,HJ311E,
2179178,HJ310E,
2179177,HJ308E.F1,
2179176,HJ308E,
2179175,HJ307E,
2179174,HJ306E,
2179173,HJ248E,
2179172,HJ240E,
2179171,HJ236E,
2179170,HJ234E,
2179169,HJ2326E,
2179168,HJ2324E,
2179167,HJ2320E,
2179166,HJ2319E,
2179165,HJ2318E,
2179164,HJ2317E.F2,
2179163,HJ2317E,
2179162,HJ2316E,
2179161,HJ2315E,
2179160,HJ2312E,
2179159,HJ2311E,
2179158,HJ230E,
2179157,HJ226E,
2179156,HJ224E,
2179155,HJ2232E,
2179154,HJ222E,
2179153,HJ2228E,
2179152,HJ2220E,
2179151,HJ220E,
2179150,HJ2208E,
2179149,HJ219E,
2179148,HJ218E,
2179147,HJ217E,
2179146,HJ216E.F1,
2179145,HJ216E,
2179144,HJ212E,
2179143,HJ210E,
2179142,HJ208E,
2179141,HJ1076,
2179140,HJ1060,
2179139,HJ1056,
2179138,HJ1040,
2179136,HJ1038,
2179135,HJ1036,
2179134,HJ1032,
2179119,HEATER40-115V-UL,
2179115,HEATER40.L60,
2179114,HEATER40.L45,
2179099,HEATER300.BLADE,
2179050,HEATER.PLATE.V115,
2178953,HCB7209E.T.P4S.UL,
2178952,HCB7205E.T.P4S.UL,
2178951,HCB7020C.T.P4S.UL,
2178950,HCB7018E.2RSD.T.P4S.UL,
2178949,HCB7014E.T.P4S.UL,
2178948,HCB7014E.2RSD.T.P4S.UL,
2178947,HCB7014C.T.P4S.UL,
2178946,HCB7013E.T.P4S.UL,
2178945,HCB7012E.T.P4S.UL,
2178944,HCB7012C.T.P4S.UL,
2178943,HCB7011E.2RSD.T.P4S.UL,
2178942,HCB7008E.2RSD.T.P4S.UL,
2178941,HCB7005E.2RSD.T.P4S.UL,
2178940,HC71916E.T.P4S.UL,
2178939,HC71916E.T.P4S.DUL,
2178938,HC71916C.T.P4S.UL,
2178937,HC71916C.T.P4S.DUL,
2178936,HC71914E.T.P4S.UL,
2178935,HC71914E.T.P4S.DUL,
2178934,HC71914C.T.P4S.UL,
2178933,HC71914C.T.P4S.DUL,
2178932,HC71913E.T.P4S.UL,
2178931,HC71913E.T.P4S.DUL,
2178930,HC71913C.T.P4S.UL,
2178929,HC71913C.T.P4S.DUL,
2178928,HC71912E.T.P4S.UL,
2178927,HC71912E.T.P4S.DUL,
2178926,HC71912C.T.P4S.UL,
2178925,HC71912C.T.P4S.DUL,
2178924,HC71911E.T.P4S.UL,
2178923,HC71911E.T.P4S.DUL,
2178922,HC71911C.T.P4S.UL,
2178921,HC71911C.T.P4S.DUL,
2178920,HC71910E.T.P4S.UL,
2178919,HC71910E.T.P4S.DUL,
2178918,HC71910C.T.P4S.UL,
2178917,HC71910C.T.P4S.DUL,
2178916,HC7020E.T.P4S.UL,
2178915,HC7020E.T.P4S.DUL,
2178914,HC7020C.T.P4S.UL,
2178913,HC7020C.T.P4S.DUL,
2178912,HC7018E.T.P4S.UL,
2178911,HC7018E.T.P4S.DUL,
2178910,HC7018C.T.P4S.UL,
2178909,HC7014E.T.P4S.UL,
2178908,HC7014E.T.P4S.DUL,
2178907,HC7014C.T.P4S.UL,
2178906,HC7014C.T.P4S.DUL,
2178905,HC7013E.T.P4S.UL,
2178904,HC7013E.T.P4S.DUL,
2178903,HC7013C.T.P4S.UL,
2178902,HC7013C.T.P4S.DUL,
2178901,HC7012E.T.P4S.UL,
2178900,HC7012E.T.P4S.DUL,
2178899,HC7012C.T.P4S.UL,
2178898,HC7012C.T.P4S.DUL,
2178897,HC7011E.T.P4S.UL,
2178896,HC7011C.T.P4S.UL,
2178895,HC7011C.T.P4S.DUL,
2178894,HC6326M.C3,
2178893,HC6322.C3,
2178892,H3956.915,
2178891,H3956.1000,
2178890,H3944.800,
2178884,H322.311,
2178882,H321.312,
2178876,H319.304,
2178867,H3176HK.1400,
2178851,H3152X.908,
2178850,H3152X.907,
2178842,H3148X.900,
2178841,H3148X.815,
2178840,H3148X.808,
2178837,H3144X.800,
2178836,H3144X.715,
2178835,H3144X.708,
2178833,H3140X703-HG,
2178832,H3140.708,
2178831,H3140.703,
2178830,H3140.700,
2178827,H3138.700,
2178826,H3138.615,
2178824,H3136.608,
2178823,H3136.607,
2178821,H3134.600,
2178820,H3134.515,
2178814,H3130.507,
2178797,H3122.400,
2178796,H3122.315,
2178794,H3120.308,
2178792,H312.203,
2178785,H310/40,
2178779,H309.106,
2178772,H3072HGJ,
2178771,H3072.1307,
2178764,H3064.1200,
2178763,H3064.1115,
2178758,H3056.915,
2178757,H3056.1008,
2178756,H3056.1000,
2178753,H3052X.908,
2178752,H3052X.907,
2178747,H3048.900,
2178746,H3048.815,
2178745,H3048.808,
2178744,H3048.807,
2178741,H3044X.715,
2178740,H3044X.712,
2178738,H3040-HGX703,
2178737,H3040.703,
2178736,H3040.700,
2178732,H3038.615,
2178731,H3038.612,
2178729,H3036.608,
2178728,H3036.607,
2178726,H3034.600,
2178725,H3034.515,
2178707,H2340.703,
2178705,H2338.700,
2178704,H2338.615,
2178702,H2336.608,
2178701,H2336.607,
2178699,H2334.600,
2178698,H2334.515,
2178675,H2319.304,
2178657,H2312.203,
2178655,H2312.201,
2178613,H212.200,
2178603,H209.110,
2178600,H209.106,
2178576,FSAF520D.U,
2178575,FSAF520C.U,
2178574,FSAF518D.U,
2178573,FSAF518C.U,
2178572,FSAF517D.U,
2178571,FSAF517C.U,
2178570,FSAF516C.U,
2178569,FSAF515D.U,
2178568,FSAF515C.U,
2178417,FIS.X1.SUPPLY.24V,
2178416,FIS.X1.SPEEDSENSOR.IND,
2178414,FIS.X1.S.WIPRO,
2178413,FIS.X1.S.ISOAMP.UNIVERSAL,
2178412,FIS.X1.S.CONNECT.M12.ETH.4P.MC,
2178411,FIS.X1.S,
2178410,FIS.X1.ISOAMP.UNIVERSAL,
2178409,FIS.X1.ISOAMP.TEMP,
2178408,FIS.X1.GSM.900.1800.FAL,
2178407,FIS.X1.FU.3000HZ,
2178406,FIS.WEAR.DEBRIS.MONITOR,
2178405,FIS.WEAR.DEBRIS.KIT,
2178404,FIS.WEAR.DEBRIS.INTERFACE,
2178403,FIS.WEAR.DEBRIS.CHECK,
2178402,FIS.WEAR.DEBRIS.CABLE.10M,
2178401,FIS.SENSOR.MAGNET.FLAT,
2178400,FIS.SENSOR.MAGNET.CURVED,
2178398,FIS.SENSOR.HW.C08.MIL.UNF,
2178397,FIS.SENSOR.HW.C01.MIL.UNF,
2178396,FIS.SENSOR.FIX.PLATE.UNF,
2178395,FIS.SENSOR.FIX.PLATE.M6,
2178394,FIS.SENSOR.FIX.GLUE,
2178393,FIS.SENSOR.ACC.4-20,
2178392,FIS.PROCHECK.WIND,
2178391,FIS.PROCHECK.8CH.EXP,
2178390,FIS.PROCHECK.8CH,
2178389,FIS.PROCHECK.16CH,
2178388,FIS.EEX.SENSOR.USA,
2178387,FIS.EEX.BARRIER.USA,
2178386,FIS.DETECTORIISENSORTEMPCABLE,
2178385,FIS.DETECTORIII.SUITCASE,
2178384,FIS.DETECTORIII.RFID.TAG.KEY,
2178383,FIS.DETECTORIII.RFID.TAG.DOME,
2178382,FIS.DETECTORIII.KIT.RFID,
2178381,FIS.DETECTORIII.KIT,
2178380,FIS.DETECTORIII.DEVICE.RFID,
2178379,FIS.DETECTORIII.DEVICE,
2178378,FIS.DETECTORIII.BATT.DOCKING,
2178377,FIS.DETECTORIII.BALANCING.KIT,
2178376,FIS.DETECTORII.USB.TO.SERIAL,
2178375,FIS.DETECTORII.SUITCASE,
2178374,FIS.DETECTORII.SIDEPOCKET,
2178373,FIS.DETECTORII.SENSOR.TEMP,
2178372,FIS.DETECTORII.SENSOR.ACC,
2178371,FIS.DETECTORII.HEADPHONE,
2178370,FIS.DETECTORII.CHARGER,
2178369,FIS.DETECTORII.BATT,
2178368,FIS.DETECTORII.BAG,
2178367,FIS.DETEC.II.HEADPH.HIGH.CLASS,
2178366,FIS.CABLE.MIL.OE.003.5M,
2178365,FIS.CABLE.MIL.OE.003.20M,
2178364,FIS.CABLE.MIL.OE.002.7M,
2178363,FIS.CABLE.MIL.OE.002.5M,
2178362,FIS.CABLE.MIL.OE.002.30M,
2178361,FIS.CABLE.MIL.OE.002.20M,
2178360,FIS.CABLE.MIL.OE.002.15M,
2178359,FIS.CABLE.MIL.OE.002.10M,
2178358,FIS.CABLE.BNC.BNC.5M,
2178357,FIS.CABLE.BNC.BNC.3M,
2178356,FIS.CABLE.BNC.BNC.15M,
2178355,FIS.CABLE.BNC.BNC.10M,
2178354,FIS.BALANCING.SUITCASE,
2178353,FIS.BALANCING.SENSOR.OPTICAL,
2178352,FIS.BALANCING.SENSOR.INDUKTIV,
2178351,FIS.BALANCING.SENSOR.CABLE.10M,
2178350,FIS.BALANCING.SCALE,
2178349,FIS.BALANCING.MAGN.MOUNT,
2178348,FIS.BALANCING.LICENCE,
2178345,16101-A-2RSR-C3,
2178344,16101-A-2RSR,
2178343,16101-A,
2178342,16101,
2178341,16100-A-C3,
2178340,16100-A-2Z,
2178339,16100-A,
2178338,16076-M-C3,
2178336,16072-M-C3,
2178332,16060-M-C3,
2178330,16056-M-C3,
2178328,16052-M-C3,
2178327,16052-M,
2178326,16052-C3,
2178324,16048-MA-C3,
2178323,16048-MA,
2178322,16048-M,
2178321,16048-C3,
2178319,16044-M,
2178318,16044-C3,
2178316,16040-MA-C3,
2178315,16040-C3,
2178313,16038-M-C3,
2178312,16038-C3,
2178310,16036-C3,
2178308,16034-C3,
2178306,16032-M-C3,
2178305,16032-M,
2178304,16032-C3,
2178302,16030-M-C3,
2178301,16030-C3,
2178299,16028-C3,
2178297,16026-C3,
2178295,16024-C3,
2178293,16022-C3,
2178291,16021-C3,
2178289,16020-C3,
2178287,16019-C3,
2178285,16018-C3,
2178283,16017-C3,
2178281,16016-C3,
2178279,16015-C3,
2178277,16014-C3,
2178275,16013-C3,
2178273,16012-C3,
2178271,16011-A-C3,
2178270,16011-A,
2178269,16010-A-C3,
2178268,16010-A,
2178267,16009-A-C3,
2178266,16009-A,
2178265,16008-A-C3,
2178264,16008-A,
2178263,16007-A-C3,
2178262,16007-A,
2178261,16006-A-C3,
2178260,16006-A-2Z,
2178259,16006-A,
2178258,16005-A-C3,
2178257,16005-A-2Z,
2178256,16005-A,
2178254,16004-A-Z,
2178253,16004-A-C3,
2178252,16004-A-2Z,
2178251,16004-A,
2178250,16003-A-C3,
2178249,16003-A-2Z,
2178248,16003-A-2RSR-C3,
2178247,16003-A-2RSR,
2178246,16003-A,
2178245,16002-A-Z-C3,
2178244,16002-A-Z,
2178243,16002-A-C3,
2178242,16002-A-2Z-C3,
2178241,16002-A-2Z,
2178240,16002-A,
2178239,16002-2RSR,
2178238,1322-M-C3,
2178235,1321-M-C3,
2178233,1321-K-M,
2178228,1318-M-C3,
2178225,1317-M-C3,
2178222,1316-M-C3,
2178219,1315-M-C3,
2178215,1313-TVH-C3,
2178211,1312-TVH-C3,
2178207,1311-TVH-C3,
2178205,1311-M-C3,
2178203,1310-TVH-C3,
2178200,1309-TVH-C3,
2178191,1306-TVH-C3,
2178188,1305-TVH-C3,
2178185,1304-TVH-C3,
2178183,1304-K-TVH-C3,
2178182,1303-C3,
2178180,1302-C3,
2178179,1302,
2178178,1301-TVH,
2178177,1300-TVH,
2178173,1228-M-C3,
2178170,1224-M-C3,
2178168,1222-M-C3,
2178164,1220-M-C3,
2178159,1218-TVH-C3,
2178155,1217-TVH-C3,
2178152,1216-TVH-C3,
2178149,1215-TVH-C3,
2178146,1214-TVH-C3,
2178143,1213-TVH-C3,
2178140,1212-TVH-C3,
2178137,1211-TVH-C3,
2178134,1210-TVH-C3,
2178131,1209-TVH-C3,
2178128,1208-TVH-C3,
2178125,1207-TVH-C3,
2178122,1206-TVH-C3,
2178119,1205-TVH-C3,
2178116,1204-TVH-C3,
2178113,1203-TVH-C3,
2178111,1202-TVH-C3,
2178109,1201-TVH-C3,
2178107,1200-TVH-C3,
2178105,11510-TVH,
2178104,11508-TVH,
2178103,11507-TVH,
2178102,11506-TVH,
2178101,11505-TVH,
2178100,11504-TVH,
2178099,11310-TVH,
2178098,11309-TVH,
2178097,11308-TVH,
2178096,11307-TVH,
2178095,11305-TVH,
2178085,108-TVH-C3,
2178083,FAFD520.D2,
2178082,FAFD517.D2,
2178081,F-808944.23244-E1,
2178080,F-807874.24056-E1,
2178079,F-577981,
2178078,F-577980,
2178077,EINBAU.SET.ALU,
2178076,EC.544D2,
2178075,EC.538D2,
2178074,EC.536D2,
2178073,EC.534D2,
2178072,EC.532D2,
2178071,EC.530D2,
2178070,EC.528D2,
2178069,EC.526D2,
2178068,EC.524D2,
2178067,EC.522D2,
2178066,E15YP,
2178065,DTECTX1-WIPROM-UNIVERSAL-PWR-P,
2178064,DTECTX1-S-WIPRO-8CH-24V,
2178063,DTECTX1-S-8CH-24V,
2178062,DTECTX1-S.RAILMNT-AL,
2178061,DTECTX1-S.CONNECT-M12-STD-8P-MS,
2178060,DTECTX1-S.CONNECT-M12-STD-4P-MS,
2178059,DTECTX1-S.CABLE-SERIAL,
2178058,DTECTX1-S.CABLE-ETHERNET,
2178057,DTECTX1.SENSOR-SPEED-REFL,
2178056,DTECTX1.SENSOR-SPEED-OPT,
2177970,BEARING.MATE.SERVICE.KIT,
2177969,BEARING.MATE.LOCKBAR270,
2177968,BEARING.MATE.LOCKBAR170,
2177790,B7988E.T.P4S.UL,
2177789,B7988C.T.P4S.UL,
2177788,B7984E.T.P4S.UL,
2177787,B7984E.T.P4S.DUL,
2177786,B7984C.T.P4S.UL,
2177785,B7980E.T.P4S.UL,
2177784,B7980E.T.P4S.QUL,
2177783,B7980E.T.P4S.DUL,
2177782,B7980C.T.P4S.UM,
2177781,B7980C.T.P4S.UL,
2177780,B7980C.T.P4S.DUL,
2177235,AWG8.L40,
2177234,AWG35.E,
2177233,ASK20,
2177232,ASK17,
2177213,ARCA.MOUNTINGPASTE.70G,
2177212,ARCA.MOUNTINGPASTE.400G,
2177211,ARCA.MOUNTINGPASTE.250G,
2177210,ARCA.MOUNTINGPASTE.1KG,
2177203,ARCALUB-C6.DISTRIB-MP,
2177202,ARCA-GREASE-GUN.HOSE,
2177201,ARCA.GREASE-GUN,
2177155,ARCA.GREASE.LOAD460.5KG,
2177154,ARCA.GREASE.LOAD460.50KG,
2177153,ARCA.GREASE.LOAD460.400G,
2177152,ARCA.GREASE.LOAD460.25KG,
2177151,ARCA.GREASE.LOAD460.1KG,
2177150,ARCA.GREASE.LOAD460.180KG,
2177149,"ARCA.GREASE.LOAD460.12,5KG",
2177128,ARCA.GREASE.L252.250G,
2177123,ARCA.GREASE.CLEAN-M.400G,
2177122,ARCA.GREASE.CLEAN-M.250G,
2177121,ARCA.GREASE.CLEAN-M.1KG,
2177115,AN38,
2177114,AN36,
2177113,AN34,
2177112,AN32,
2177111,AN30,
2177110,AN28,
2177109,AN26,
2177108,AN24,
2177107,AN22,
2177106,AN20,
2177105,AN19,
2177103,AN17,
2177102,AN16,
2177101,AN15,
2177087,AHX3126/120,
2177085,AHX3124/110,
2177074,AHX2330/140,
2177070,AHX2324/110,
2177068,AHX2322/100,
2177066,AHX2320/90,
2177059,AHX2314/60,
2176952,AFD538.D2,
2176951,AFD528.D2,
2176950,AFD522.D2,
2176949,AFD517.D2,
2176948,AC.534S,
2176947,AC.528S,
2176946,AC.526S,
2176940,A8967,
2176939,A8897,
2176938,A8819,
2176937,801181.R132.208,
2176927,7416B.MP.UA,
2176926,7416B.MP,
2176924,7415B.MP.UA,
2176923,7415B.MP,
2176922,7414B.MP.UO,
2176921,7414B.MP.UA,
2176920,7414B.MP,
2176919,7413B.MP.UO,
2176918,7413B.MP.UA,
2176917,7413B.MP,
2176916,7412B.MP.UO,
2176915,7412B.MP.UA,
2176914,7412B.MP,
2176913,7411B.MP.UO,
2176912,7411B.MP.UA,
2176911,7411B.MP,
2176910,7410B.MP.UO,
2176909,7410B.MP.UA,
2176908,7410B.MP,
2176907,7409B.MP.UO,
2176906,7409B.MP.UA,
2176905,7409B.MP,
2176904,7408B.MP.UO,
2176903,7408B.MP.UA,
2176902,7408B.MP,
2176901,7407B.MP.UO,
2176900,7407B.MP.UA,
2176899,7407B.MP,
2176898,7406B.MP.UO,
2176897,7406B.MP.UA,
2176896,7406B.MP,
2176895,7405B.MP.UO,
2176894,7405B.MP.UA,
2176893,7405B.MP,
2176892,7356B.MP.UO,
2176891,7356B.MP.UA,
2176890,7348B.MP.UA,
2176889,7344B.MP.UA,
2176888,7340B.MP.UA,
2176887,7338B.MP.UA,
2176886,7336B.MP.UA,
2176885,7336B.MP,
2176884,7334B.MP.UA,
2176883,7332B.MP.UO,
2176882,7332B.MP.UA,
2176880,7330B.MP.UO,
2176879,7330B.MP.UA,
2176877,7328B.MP.UO,
2176876,7328B.MP.UA,
2176874,7326B.TVP.UA,
2176872,7326B.MP.UO,
2176871,7326B.MP.UA,
2176870,7326B.MP,
2176869,7324B.TVP.UA,
2176867,7324B.MP.UO.L61,
2176866,7324B.MP.UO,
2176865,7324B.MP.UA,
2176864,7324B.MP,
2176863,7322B.TVP.UO,
2176862,7322B.TVP.UA,
2176860,7322B.MP.UO,
2176859,7322B.MP.UA,
2176858,7322B.MP,
2176857,7322B.JP.UA,
2176855,7321B.MP.UO,
2176854,7321B.MP.UA,
2176852,7320B.TVP.UO,
2176851,7320B.TVP.UA,
2176849,7320B.MP.UO,
2176848,7320B.MP.UA,
2176847,7320B.MP,
2176846,7320B.JP.UO,
2176845,7320B.JP.UA,
2176843,7319B.TVP.UO,
2176842,7319B.TVP.UA,
2176840,7319B.MP.UO,
2176839,7319B.MP.UA,
2176838,7319B.MP,
2176837,7319B.JP.UA,
2176835,7318B.TVP.UO,
2176834,7318B.TVP.UA,
2176833,7318B.TVP.P5.UA,
2176831,7318B.MP.UO,
2176830,7318B.MP.UA,
2176829,7318B.MP,
2176828,7318B.JP.UA,
2176826,7317B.TVP.UO,
2176825,7317B.TVP.UA,
2176823,7317B.MP.UO,
2176822,7317B.MP.UA,
2176821,7317B.MP,
2176820,7317B.JP.UO,
2176819,7317B.JP.UA,
2176817,7316B.TVP.UO,
2176816,7316B.TVP.UA,
2176814,7316B.MP.UO,
2176813,7316B.MP.UA,
2176812,7316B.MP,
2176811,7316B.JP.UO,
2176810,7316B.JP.UA,
2176808,7315B.TVP.UO,
2176807,7315B.TVP.UA,
2176805,7315B.MP.UO,
2176804,7315B.MP.UA,
2176803,7315B.MP,
2176802,7315B.JP.UO,
2176801,7315B.JP.UA,
2176800,7314B.TVP.UO,
2176799,7314B.TVP.UA,
2176797,7314B.MP.UO,
2176796,7314B.MP.UA,
2176795,7314B.MP,
2176794,7314B.JP.UA,
2176792,7313B.TVP.UO,
2176791,7313B.TVP.UA,
2176789,7313B.MP.UO,
2176788,7313B.MP.UA,
2176787,7313B.MP,
2176786,7313B.JP.UO,
2176785,7313B.JP.UA,
2176783,7312B.YP.UO,
2176782,7312B.TVP.UO,
2176781,7312B.TVP.UA,
2176779,7312B.MP.UO,
2176778,7312B.MP.UA,
2176777,7312B.MP,
2176776,7312B.JP.UO,
2176775,7312B.JP.UA,
2176773,7311B.TVP.UO,
2176772,7311B.TVP.UA,
2176770,7311B.MP.UO,
2176769,7311B.MP.UA,
2176768,7311B.MP,
2176767,7311B.JP.UO,
2176766,7311B.JP.UA,
2176764,7310B.TVP.UO,
2176763,7310B.TVP.UA,
2176761,7310B.MP.UO,
2176760,7310B.MP.UA,
2176759,7310B.MP,
2176758,7310B.JP.UO,
2176757,7310B.JP.UA,
2176755,7309B.TVP.UO,
2176754,7309B.TVP.UL,
2176753,7309B.TVP.UA,
2176751,7309B.MP.UO,
2176750,7309B.MP.UA,
2176749,7309B.MP,
2176748,7309B.JP.UO,
2176747,7309B.JP.UA,
2176745,7308B.TVP.UO,
2176744,7308B.TVP.UA,
2176742,7308B.MP.UO,
2176741,7308B.MP.UA,
2176740,7308B.MP,
2176739,7308B.JP.UO,
2176738,7308B.JP.UA20,
2176737,7308B.JP.UA,
2176735,7308B.2RS.TVP.L237,
2176734,7307B.TVP.UO,
2176733,7307B.TVP.UL,
2176732,7307B.TVP.UA,
2176730,7307B.MP.UO,
2176729,7307B.MP.UA,
2176728,7307B.MP.P6.UA,
2176727,7307B.MP,
2176726,7307B.JP.UO,
2176725,7307B.JP.UA,
2176723,7306B.TVP.UO,
2176722,7306B.TVP.UA,
2176721,7306B.TVP.P5.UL,
2176720,7306B.TVP.P5.UA,
2176718,7306B.MP.UO,
2176717,7306B.MP.UA,
2176716,7306B.MP,
2176715,7306B.JP.UA,
2176713,7306B.2RS.TVP.L237,
2176712,7306B.2RS.TVP.L198,
2176710,7305B.TVP.UO,
2176709,7305B.TVP.UA,
2176707,7305B.MP.UO,
2176706,7305B.MP.UA,
2176705,7305B.MP,
2176704,7305B.JP.UO,
2176703,7305B.JP.UA,
2176700,7304B.TVP.UO,
2176699,7304B.TVP.UA,
2176697,7304B.MP.UA,
2176696,7304B.JP.UA,
2176693,7303B.TVP.UO,
2176692,7303B.TVP.UA,
2176690,7303B.JP.UA,
2176688,7303B.2RS.TVP.L31,
2176686,7302B.TVP.UO,
2176685,7302B.TVP.UA,
2176683,7302B.JP.UO,
2176682,7302B.JP.UA,
2176679,7301B.TVP.UO,
2176678,7301B.TVP.UA,
2176677,7301B.TVP.P5.UL,
2176675,7301B.JP.UO,
2176674,7301B.JP.UA,
2176672,7268B.MP.UA,
2176671,7264B.MP.UA,
2176670,7260B.MP.UA,
2176669,7252B.MP.UA,
2176668,7248B.MP.UA,
2176667,7244B.MP.UA,
2176666,7240B.MP.UO,
2176665,7240B.MP.UA,
2176664,7238B.MP.UO,
2176663,7238B.MP.UA,
2176662,7236B.MP.UO,
2176661,7236B.MP.UA,
2176660,7236B.MP,
2176659,7234B.MP.UO,
2176658,7234B.MP.UA,
2176657,7232B.MP.UO,
2176656,7232B.MP.UA,
2176654,7230B.MP.UO,
2176653,7230B.MP.UA,
2176651,7228B.MP.UO,
2176650,7228B.MP.UA,
2176649,7228B.MP.S1.UA,
2176647,7226B.TVP.UO,
2176646,7226B.TVP.UA,
2176644,7226B.MP.UO,
2176643,7226B.MP.UA,
2176642,7226B.MP,
2176641,7224B.TVP.UO,
2176640,7224B.TVP.UA,
2176638,7224B.MP.UO,
2176637,7224B.MP.UA,
2176636,7224B.MP,
2176635,7222B.TVP.UO,
2176633,7222B.TVP.UA,
2176631,7222B.MP.UO,
2176630,7222B.MP.UA,
2176629,7222B.MP,
2176628,7222B.JP.UA,
2176626,7221B.MP.UA,
2176624,7220B.TVP.UO,
2176623,7220B.TVP.UA,
2176621,7220B.MP.UO,
2176620,7220B.MP.UA,
2176619,7220B.MP.S1.UA,
2176618,7220B.MP,
2176617,7220B.JP.UA,
2176615,7219B.TVP.UO,
2176614,7219B.TVP.UA,
2176612,7219B.MP.UO,
2176611,7219B.MP.UA,
2176610,7219B.MP,
2176609,7218B.TVP.UO,
2176608,7218B.TVP.UA,
2176606,7218B.MP.UO,
2176605,7218B.MP.UA,
2176604,7218B.MP,
2176603,7218B.JP.UO,
2176602,7218B.JP.UA,
2176600,7217B.TVP.UO,
2176599,7217B.TVP.UA,
2176597,7217B.MP.UO,
2176596,7217B.MP.UA,
2176595,7217B.MP,
2176594,7217B.JP.UO,
2176593,7217B.JP.UA,
2176591,7216B.TVP.UO,
2176590,7216B.TVP.UA,
2176588,7216B.MP.UO,
2176587,7216B.MP.UA,
2176586,7216B.MP,
2176585,7216B.JP.UO,
2176584,7216B.JP.UA,
2176582,7215B.TVP.UO,
2176581,7215B.TVP.UA,
2176580,7215B.TVP.P5.UL,
2176578,7215B.MP.UO,
2176577,7215B.MP.UA,
2176576,7215B.MP,
2176575,7215B.JP.UO,
2176574,7215B.JP.UA,
2176572,7214B.TVP.UO,
2176571,7214B.TVP.UA,
2176569,7214B.MP.UO,
2176568,7214B.MP.UA,
2176567,7214B.MP,
2176566,7214B.JP.UO,
2176565,7214B.JP.UA,
2176563,7214B.2RS.TVP,
2176562,7213B.TVP.UO,
2176561,7213B.TVP.UA,
2176559,7213B.MP.UO,
2176558,7213B.MP.UA,
2176557,7213B.MP,
2176556,7213B.JP.UO,
2176555,7213B.JP.UA,
2176553,7212B.TVP.UO,
2176552,7212B.TVP.UA,
2176550,7212B.MP.UO,
2176549,7212B.MP.UA,
2176548,7212B.MP,
2176547,7212B.JP.UO,
2176546,7212B.JP.UA,
2176543,7211B.TVP.UO,
2176542,7211B.TVP.UA,
2176541,7211B.TVP.P5.UO,
2176540,7211B.TVP.P5.UL,
2176538,7211B.MP.UA,
2176537,7211B.MP,
2176536,7211B.JP.UO,
2176535,7211B.JP.UA,
2176533,7210B.TVP.UO,
2176532,7210B.TVP.UA,
2176531,7210B.TVP.P5.UL,
2176529,7210B.MP.UO,
2176528,7210B.MP.UA,
2176527,7210B.MP,
2176526,7210B.JP.UO,
2176525,7210B.JP.UA,
2176523,7209B.TVP.UO,
2176522,7209B.TVP.UA,
2176520,7209B.MP.UO,
2176519,7209B.MP.UA,
2176518,7209B.MP,
2176517,7209B.JP.UO,
2176516,7209B.JP.UA,
2176514,7209B.2RS.TVP,
2176513,7208B.TVP.UO,
2176512,7208B.TVP.UA,
2176510,7208B.MP.UO,
2176508,7208B.MP.UA,
2176507,7208B.MP,
2176506,7208B.JP.UO,
2176505,7208B.JP.UA,
2176502,7207B.TVP.UO,
2176501,7207B.TVP.UA,
2176500,7207B.TVP.P5.UO,
2176498,7207B.MP.UO,
2176497,7207B.MP.UA,
2176496,7207B.JP.UO,
2176495,7207B.JP.UA,
2176492,7206B.TVP.UO,
2176491,7206B.TVP.UA,
2176490,7206B.TVP.P5.UL,
2176488,7206B.MP.UO,
2176487,7206B.MP.UA,
2176486,7206B.MP,
2176485,7206B.JP.UA,
2176482,7205B.TVP.UO,
2176481,7205B.TVP.UA,
2176480,7205B.TVP.P5.UL,
2176478,7205B.MP.UA,
2176477,7205B.MP,
2176476,7205B.JP.UO,
2176475,7205B.JP.UA,
2176473,7205B.2RS.TVP.L31,
2176471,7204B.TVP.UO,
2176470,7204B.TVP.UA,
2176469,7204B.TVP.P5.UO,
2176468,7204B.TVP.P5.UL,
2176466,7204B.MP.UA,
2176465,7204B.JP.UO,
2176464,7204B.JP.UA,
2176461,7203B.TVP.UO,
2176460,7203B.TVP.UA,
2176459,7203B.TVP.P5.UL,
2176457,7203B.MP.UA,
2176456,7203B.MP,
2176455,7203B.JP.UO,
2176454,7203B.JP.UA,
2176452,7203B.2RS.TVP.L237,
2176450,7202B.TVP.UO,
2176449,7202B.TVP.UA,
2176447,7202B.JP.UO,
2176446,7202B.JP.UA,
2176443,7201B.TVP.UO,
2176442,7201B.TVP.UA,
2176440,7201B.MP.UA,
2176439,7201B.JP.UO,
2176438,7201B.JP.UA,
2176435,7200B.TVP.UO,
2176434,7200B.TVP.UA,
2176432,7200B.JP.UO,
2176431,7200B.JP.UA,
2176428,71956MP.UA,
2176427,71956MP,
2176426,71952MP.UA,
2176425,7988MP.UA,
2176424,7984MP.UA,
2176423,71892MP.P5,
2176422,71892MP,
2176421,71852MP.UA,
2176420,71852MP,
2176419,71848MP.P5.UL,
2176418,718/850MPB,
2176417,718/670MPB.P5,
2176416,718/530MP,
2176415,718/500MP,
2176414,7088MP,
2176413,7084MP.UA,
2176412,7072MP.UA,
2176411,7068MP.UA,
2176410,7060MP.UA,
2176409,7056MP.UA,
2176408,7056B.MP.UO,
2176407,7052MP.UA,
2176406,7048MP.UA,
2176405,7044MP.UA,
2176404,7040MP.UA,
2176403,7040B.MP.UO,
2176402,7040B.MP.UA,
2176401,7038MP.UA,
2176400,7036MP.UA100,
2176398,7032MP.UO,
2176397,7032MP.UA,
2176396,7030MP.UA,
2176395,7028MP.UA,
2176394,7026MP.UA,
2176393,7024MP.UA,
2176389,7005B.2RSD.TVP,
2176386,6418M.C3,
2176383,6416M.C3,
2176381,6415M.C3,
2176379,6414MA.C3,
2176378,6414M.C3,
2176377,6414.C4,
2176376,6414.C3,
2176375,6413M.C4,
2176374,6413.C3,
2176373,6412N,
2176372,6412.C3,
2176371,6411N,
2176370,6411.C3,
2176369,6410.C3,
2176368,6409.C3,
2176367,6408.C3,
2176366,6407.C3,
2176365,6406-A-C3,
2176364,6406-A,
2176363,6406.C3,
2176362,6405MA.C3,
2176361,6405-A-C3,
2176360,6405-A,
2176359,6404-A-C3,
2176358,6404-A,
2176357,6404.C3,
2176356,6403.C3,
2176355,6403.2RSR.C3,
2176354,6403.2RSR,
2176352,6348M.C3,
2176350,6344M.C3,
2176348,6340M.C3,
2176346,634.C3,
2176344,6338M.C3,
2176342,6336M.C3,
2176340,6334M.C3,
2176338,6332M.C4,
2176337,6332M.C3,
2176335,6330M.C3.J20AA,
2176334,6330M.C3,
2176332,6328M.C3.J20AA,
2176331,6328M.C3,
2176329,6326M.C4,
2176328,6326M.C3.J20AA,
2176327,6326M.C3,
2176325,6326.C3.J20AA,
2176324,6324M.C4,
2176323,6324M.C3.J20AA,
2176322,6324M.C3,
2176321,6324M,
2176320,6324.C4,
2176319,6324.C3.J20AA,
2176318,6324.C3,
2176317,6322ZR.C3,
2176316,6322ZR,
2176315,6322MA.C3,
2176314,6322M.C4,
2176313,6322M.C3.J20AA,
2176312,6322M.C3,
2176311,6322M,
2176310,6322.C4,
2176309,6322.C3.J20AA,
2176308,6322.C3,
2176307,6322.2ZR.C4,
2176306,6322.2ZR.C3,
2176304,6321M.C3,
2176303,6321.C3,
2176302,6320ZR.C3,
2176301,6320ZR,
2176299,6320MA.C3,
2176298,6320M.C4,
2176297,6320M.C3,
2176296,6320M,
2176295,6320.R114.139,
2176294,6320.C4,
2176293,6320.C3.J20AA,
2176292,6320.C3,
2176291,6320.2ZR.C3,
2176289,6319ZR.C4,
2176288,6319ZR.C3,
2176287,6319ZR,
2176286,6319M.C3,
2176285,6319M,
2176284,6319.C4,
2176283,6319.C3.J20AA,
2176282,6319.C3,
2176281,6319.2ZR.C3,
2176279,6319.2RSR.C3,
2176278,6318ZR.R114.140.J19A,
2176277,6318ZR.C3,
2176276,6318ZR,
2176275,6318M.C4,
2176274,6318M.C3,
2176273,6318M,
2176272,6318K.2ZR,
2176271,6318.R66.84,
2176270,6318.C4,
2176269,6318.C3.J20AA,
2176268,6318.C3,
2176267,6318.2ZR.C4,
2176266,6318.2ZR.C3,
2176264,6318.2RSR.C3,
2176262,6317ZR.C4,
2176261,6317ZR.C3,
2176260,6317ZR,
2176259,6317MA,
2176258,6317M.P52,
2176257,6317M.C4,
2176256,6317M.C3,
2176255,6317M,
2176254,6317.C4,
2176253,6317.C3.J20AA,
2176252,6317.C3,
2176251,6317.2ZR.C4,
2176250,6317.2ZR.C3,
2176248,6317.2RSR.C3,
2176246,6316ZR.C3,
2176245,6316ZR,
2176244,6316RSR.C3,
2176243,6316RSR,
2176242,6316MA.C3,
2176241,6316M.C4.J20AA,
2176240,6316M.C4,
2176239,6316M.C3.J20AA,
2176238,6316M.C3,
2176237,6316M,
2176236,6316.C4,
2176235,6316.C3.J20AA,
2176234,6316.C3,
2176233,6316.2ZR.C4,
2176232,6316.2ZR.C3,
2176230,6316.2RSR.C3,
2176228,6315ZR.C4,
2176227,6315ZR.C3.L38,
2176226,6315ZR.C3,
2176225,6315ZR,
2176224,6315RSR.C3,
2176223,6315RSR,
2176222,6315M.C4,
2176221,6315M.C3.J20AA,
2176220,6315M.C3,
2176219,6315M,
2176218,6315.C4.S1,
2176217,6315.C4,
2176216,6315.C3.J20AA,
2176215,6315.C3,
2176214,6315.C2,
2176213,6315.2ZR.C4.S1,
2176211,6315.2ZR.C4,
2176210,6315.2ZR.C3,
2176208,6315.2RSR.C3,
2176206,6314ZRN,
2176205,6314ZR.C3,
2176204,6314TB.P63,
2176203,6314RSR,
2176202,6314N.M.C3,
2176201,6314N.C3,
2176200,6314N,
2176199,6314MA.C3,
2176198,6314M.C4,
2176196,6314M,
2176195,6314.C4.S1,
2176193,6314.C3.J20AA,
2176192,6314.C3,
2176191,6314.C2,
2176190,6314.2ZR.C4,
2176189,6314.2ZR.C3,
2176187,6314.2RSR.C3,
2176185,6313ZRN.C3,
2176184,6313ZRN,
2176183,6313ZR.C3,
2176182,6313ZR,
2176181,6313RSR,
2176180,6313NR,
2176179,6313N,
2176178,6313M.P52,
2176177,6313M.P43,
2176176,6313M.C3,
2176175,6313M,
2176174,6313.C4.S1,
2176173,6313.C4,
2176172,6313.C3.S1,
2176171,6313.C3.J20AA,
2176170,6313.C3,
2176169,6313.2ZR.C4,
2176168,6313.2ZR.C3,
2176166,6313.2RSR.C3,
2176164,6312ZRN.C3,
2176163,6312ZRN,
2176162,6312ZR.C4,
2176161,6312ZR.C3,
2176160,6312ZR,
2176159,6312TB.P63,
2176158,6312RSR.C3,
2176157,6312RSR,
2176156,6312N.C3,
2176155,6312N,
2176154,6312M.P52,
2176153,6312M.C4,
2176152,6312M.C3,
2176151,6312M,
2176150,6312.C4.S1,
2176149,6312.C4,
2176148,6312.C3.N13BA,
2176147,6312.C3.J20AA,
2176146,6312.C3,
2176145,6312.2ZRN,
2176144,6312.2ZR.C4,
2176143,6312.2ZR.C3,
2176141,6312.2RSR.C3,
2176139,6311ZRN,
2176138,6311ZR.C3,
2176137,6311ZR,
2176136,6311TB.P63,
2176135,6311RSR.C3,
2176134,6311RSR,
2176133,6311N.C3,
2176132,6311N,
2176131,6311M.P52,
2176130,6311M.P5,
2176129,6311M.C3,
2176128,6311M,
2176127,6311K,
2176126,6311.C4,
2176125,6311.C3.J20AA,
2176124,6311.C3,
2176123,6311.2ZR.C4,
2176122,6311.2ZR.C3.L10,
2176121,6311.2ZR.C3,
2176119,6311.2RSR.C4,
2176118,6311.2RSR.C3,
2176116,6310ZRN.C3,
2176115,6310ZRN,
2176114,6310ZR.C3,
2176113,6310ZR,
2176112,6310TB.P63,
2176111,6310TB.P5,
2176110,6310RSR.C3,
2176109,6310RSR,
2176108,6310N.C3,
2176107,6310N,
2176106,6310MA.C3,
2176105,6310M.P52,
2176104,6314M.C3.J20AA,
2176103,6310M,
2176102,6310.C4,
2176101,6310.C3,
2176100,6310.2ZRN,
2176099,6310.2ZR.L38,
2176098,6310.2ZR.C4,
2176097,6310.2ZR.C3.L38,
2176096,6310.2RSR.L38,
2176095,6310.2RSR.C3.L38,
2176094,6309ZRN,
2176093,6309ZR.C3.L38,
2176092,6309ZR.C3,
2176091,6309ZR,
2176090,6309TB.P63,
2176089,6309TB.P5,
2176088,6309RSR.C3,
2176087,6309RSR,
2176086,6309N.C3,
2176085,6309MA.C3,
2176084,6309M.C3,
2176083,6309M,
2176082,6309.P6,
2176081,6309.C4,
2176080,6309.C3,
2176079,6309.C2,
2176078,6309.2ZRN,
2176077,6309.2ZR.L38,
2176076,6309.2ZR.C4.L38,
2176075,6309.2ZR.C3.L38,
2176074,6309.2RSR.L38,
2176073,6309.2RSR.C3.L38,
2176072,6308ZRN,
2176071,6308ZR.C3,
2176070,6308ZR,
2176068,6308RSR.C3,
2176067,6308RSR,
2176066,6308N.C3,
2176065,6308N,
2176064,6308MA.C3,
2176063,6308M.P63,
2176062,6308M.P52,
2176061,6308M.C3,
2176060,6308-C3,
2176059,6308.C4,
2176058,6308.2ZR.L38,
2176057,6308.2ZR.C4.L38,
2176056,6308.2ZR.C3.L38,
2176055,6308-2RSR-L038,
2176054,6308.2RSR.C3.L38,
2176053,6307ZRN.C3,
2176052,6307ZRN,
2176051,6307ZR.C3,
2176050,6307ZR,
2176049,6307RSR.C3,
2176048,6307RSR,
2176047,6307NR,
2176046,6307N,
2176045,6307.C4,
2176044,6307.C3,
2176043,6307.C2,
2176042,6307.2ZR.L38,
2176041,6307.2ZR.C3.L38,
2176040,6307.2RSR.L38,
2176039,6307.2RSR.C3.L38,
2176038,6306ZRN.C3,
2176037,6306ZRN,
2176036,6306ZR.C3,
2176035,6306ZR,
2176034,6306TB.P63,
2176033,6306TB.P5,
2176032,6306TB,
2176031,6306RSR.C3,
2176030,6306RSR,
2176029,6306NR.C3,
2176028,6306MA.C3,
2176027,6306.C4,
2176026,6306.C3,
2176025,6306.2ZRN.L38,
2176024,6306.2ZR.L38,
2176023,6306.2ZR.C4.L38,
2176022,6306.2ZR.C3.L38,
2176021,6306.2RSR.L38,
2176020,6306.2RSR.C3.L38,
2176019,6306.2RSR.C2,
2176018,6305ZR.C3,
2176017,6305ZR,
2176016,6305TVH.C3,
2176015,6305TB.P63,
2176014,6305TB,
2176013,6305RSR.C3,
2176012,6305RSR,
2176011,6305-NR,
2176010,6305N.C3,
2176009,6305N,
2176008,6305MA.C3,
2176007,6305M.C3,
2176005,6305.C4,
2176004,6305.C3,
2176003,6305.C2,
2176002,6305.2ZR.L38,
2176001,6305.2ZR.C3.L38,
2176000,6305.2RSR.L38,
2175999,6305.2RSR.C4.L38,
2175998,6305.2RSR.C3.L38,
2175997,6304ZRN,
2175996,6304ZR.C3,
2175994,6304ZR,
2175993,6304TVH.C4,
2175991,6304TB.P63,
2175990,6304TB,
2175989,6304RSR.C3,
2175988,6304RSR,
2175987,6304NR,
2175986,6304MA.C3,
2175985,6304-2Z-L038,
2175984,6304.C4,
2175983,6304.C3,
2175982,6304.C2,
2175981,6304.2ZR.C3.L38,
2175980,6304.2RSR.L38,
2175979,6304.2RSR.C3.L38,
2175978,6303ZR.C4,
2175977,6303ZR.C3,
2175976,6303ZR,
2175975,6303TVH.C4,
2175974,6303RSR.C3,
2175973,6303RSR,
2175972,6303.P5,
2175971,6303.C3,
2175970,6303.2ZR.L38,
2175969,6303.2ZR.C3.L38,
2175968,6303.2RSR.L38,
2175967,6303.2RSR.C3.L38,
2175966,6302ZR.C3,
2175965,6302ZR,
2175964,6302RSR.C3,
2175963,6302RSR,
2175962,6302.C3,
2175961,6302.2ZR.L38,
2175960,6302.2ZR.C3.L38,
2175959,6302.2RSR.L38,
2175958,6302.2RSR.C3.L38,
2175957,6301ZR.C3,
2175956,6301ZR,
2175955,6301.C3,
2175954,6301.2ZR.L38,
2175953,6301.2ZR.C3.L38,
2175952,6301.2RSR.L38,
2175951,6301.2RSR.C3.L38,
2175950,429ZR.C3,
2175949,429ZR,
2175948,429RSR.C3,
2175947,429-B-SNZ1,
2175946,429-B-C3-SNZ1,
2175945,429-B-2Z-L278-SNZ1,
2175944,429-B-2Z-L278-C3-SNZ1,
2175943,429-B-2DRS-L278-SNZ1,
2175942,429-B-2DRS-L278-C3-SNZ1,
2175941,4299.2RSR,
2175940,4298.2RSR,
2175939,4297-A-2RSR,
2175938,4296-A-2RSR,
2175937,4295-A-2RSR,
2175936,4294-A-2RSR,
2175935,4293-A-2RSR,
2175934,4292-A-2RSR,
2175933,4291-A-2RSR,
2175932,4290-A-2RSR,
2175931,630/8.2RSR,
2175930,63/22,
2175929,629ZR.C3,
2175928,629RSR,
2175927,629-HLC-UNS,
2175926,629-C-C3,
2175925,629-C-2Z-L038-C3,
2175924,629-C-2Z-L038,
2175923,629-C-2HRS-L038-C3,
2175922,629-C-2HRS-L038,
2175921,629-C-2HRS-C3,
2175920,629-C-2HRS,
2175919,629-2Z-HLC-C3-UNS,
2175918,627-2Z-HLC-C3-UNS,
2175917,627-2RSR-HLC-C3-UNS,
2175916,627-2RS-HLC-UNS,
2175915,627.2Z.C3,
2175913,6264M,
2175912,626.2Z.C3,
2175910,626.2RS.C3,
2175908,6256M.C3,
2175907,6252M.C3,
2175905,625.2Z.C3,
2175902,6248M.C3,
2175900,6244M.C4,
2175899,6244M.C3,
2175897,6240M.C3,
2175895,624.2Z.C3,
2175893,6238M.C3,
2175891,6236M.C3,
2175889,6234M.C4,
2175888,6234M.C3,
2175886,6232M.C3,
2175883,6230M.C4,
2175882,6230M.C3,
2175881,6230M,
2175879,62308-A-2RSR,
2175878,62307-A-2RSR,
2175877,62306-A-2RSR,
2175876,62305-A-2RSR-C3,
2175875,62305-A-2RSR,
2175874,62304-A-2RSR,
2175873,62303-A-2RSR-C3,
2175872,62303-A-2RSR,
2175871,62302-A-2RSR-C3,
2175870,62302-A-2RSR,
2175869,6230.C4,
2175868,6230.C3.J20AA,
2175866,6230.C3,
2175864,6228MA.C3,
2175863,6228M.C3,
2175862,6228.C4,
2175861,6228.C3.J20AA,
2175860,6228.C3,
2175859,6226ZR.R90.133,
2175858,6226ZR.R152.203,
2175857,6226ZR.C3,
2175856,6226MA.C3,
2175855,6226M.C4,
2175854,6226M.C3,
2175853,6226.R152.203,
2175852,6226.C4,
2175851,6226.C3.J20AA,
2175850,6226.C3,
2175849,6226.2ZR.C3,
2175847,6224MA.C4,
2175846,6224MA.C3,
2175845,6224MA,
2175844,6224M.C3,
2175843,6224M,
2175842,6224.C4,
2175841,6224.J20AA.C3,
2175840,6224.C3,
2175839,6222ZR.C3,
2175838,6222ZR,
2175837,6222MA.C4,
2175836,6222MA.C3,
2175835,6222M.C4,
2175834,6222M.C3,
2175833,6222.C4.J20AA,
2175832,6222.C4,
2175831,6222.C3.J20AA,
2175830,6222.C3,
2175829,6222.C2,
2175828,6222.2ZR.C4,
2175827,6222.2ZR.C3,
2175825,6221M,
2175824,62211.2RSR,
2175823,62210-A-2RSR,
2175822,6221.C3,
2175821,6221.2ZR.C3.L38,
2175819,6220ZR.C3,
2175818,6220ZR,
2175817,6220RSR,
2175816,6220N,
2175815,6220MAS.P53.S1,
2175814,6220MA.C3,
2175813,6220M.C4.J20AA,
2175812,6220M.C3,
2175811,6220M,
2175810,62209-A-2RSR,
2175809,62208-A-2RSR,
2175808,62207-A-2RSR,
2175807,62206-A-2RSR,
2175806,62205-A-2RSR-C3,
2175805,62205-A-2RSR,
2175804,62204-A-2RSR-C3,
2175803,62204-A-2RSR,
2175802,62203-A-2RSR,
2175801,6220-2RSR-J20AA-C3,
2175800,62202-A-2RSR-C3,
2175799,62202-A-2RSR,
2175798,62201-A-2RSR-C3,
2175797,62201-A-2RSR,
2175796,62200-A-2RSR,
2175795,6220.C4,
2175794,6220.C3.J20AA,
2175793,6220.C3,
2175792,6220.2ZR.C3,
2175790,6220.2RSR.C3,
2175788,6219ZR.C3,
2175787,6219ZR,
2175786,6219M.C3.J20AA,
2175785,6219M.C3,
2175784,6219.C4,
2175783,6219.C3,
2175782,6219.2ZR.C3,
2175780,6219.2RSR.C3,
2175778,6218ZR.C3,
2175777,6218ZR,
2175776,6218RSR,
2175775,6218N.C3,
2175774,6218N,
2175773,6218MA.C4,
2175772,6218MA.C3,
2175771,6218MA,
2175770,6218M.C4,
2175769,6218M.C3.J20AA,
2175768,6218M.C3,
2175767,6218M,
2175766,6218.P53,
2175765,6218.P5,
2175764,6218.C5,
2175763,6218.C4,
2175762,6218.C3.J20AA,
2175761,6218.C3,
2175760,6218.C2,
2175759,6218.2ZR.C3.L10,
2175758,6218.2ZR.C3,
2175756,6218.2RSR.C3,
2175754,6217ZR.C3,
2175753,6217ZR,
2175752,6217TB.P5,
2175751,6217N.C3,
2175750,6217N,
2175749,6217M.P52,
2175748,6217M.C4,